{
  "project_info": {
    "project_number": "1083378637570",
    "firebase_url": "https://finalbikeesapps-default-rtdb.firebaseio.com",
    "project_id": "finalbikeesapps",
    "storage_bucket": "finalbikeesapps.appspot.com"
  },
  "client": [
    {
      "client_info": {
        "mobilesdk_app_id": "1:1083378637570:android:a93569e7d4cf7619be801b",
        "android_client_info": {
          "package_name": "com.geneses.bikeesapp"
        }
      },
      "oauth_client": [
        {
          "client_id": "1083378637570-p0l4jqop5c5g0bmgd3vpg31h8fj8jq6m.apps.googleusercontent.com",
          "client_type": 3
        }
      ],
      "api_key": [
        {
          "current_key": "AIzaSyAf_7lc6aiavciXpqQzn5Ju7JyHq7SsDV4"
        }
      ],
      "services": {
        "appinvite_service": {
          "other_platform_oauth_client": [
            {
              "client_id": "1083378637570-p0l4jqop5c5g0bmgd3vpg31h8fj8jq6m.apps.googleusercontent.com",
              "client_type": 3
            }
          ]
        }
      }
    }
  ],
  "configuration_version": "1"
}